admin.wibuku.app	/.well-known/jwks.json	404	33	text/plain;	charset=utf-8	api
admin.wibuku.app	/.well-known/oauth-authorization-server	404	50	text/plain;	charset=utf-8	api
admin.wibuku.app	/.well-known/openapi	404	31	text/plain;	charset=utf-8	actuator
admin.wibuku.app	/.well-known/openid-configuration	404	44	text/plain;	charset=utf-8	actuator
admin.wibuku.app	/.well-known/openid-configuration	404	44	text/plain;	charset=utf-8	api
admin.wibuku.app	/_debug	404	18	text/plain;	charset=utf-8	actuator
admin.wibuku.app	/_debugbar	404	21	text/plain;	charset=utf-8	actuator
admin.wibuku.app	/actuator	404	20	text/plain;	charset=utf-8	actuator
admin.wibuku.app	/actuator/	404	21	text/plain;	charset=utf-8	actuator
admin.wibuku.app	/actuator/auditevents	404	32	text/plain;	charset=utf-8	actuator
admin.wibuku.app	/actuator/beans	404	26	text/plain;	charset=utf-8	actuator
admin.wibuku.app	/actuator/caches	404	27	text/plain;	charset=utf-8	actuator
admin.wibuku.app	/actuator/conditions	404	31	text/plain;	charset=utf-8	actuator
admin.wibuku.app	/actuator/configprops	404	32	text/plain;	charset=utf-8	actuator
admin.wibuku.app	/actuator/env	404	24	text/plain;	charset=utf-8	actuator
admin.wibuku.app	/actuator/health	404	27	text/plain;	charset=utf-8	actuator
admin.wibuku.app	/actuator/heapdump	404	29	text/plain;	charset=utf-8	actuator
admin.wibuku.app	/actuator/httptrace	404	30	text/plain;	charset=utf-8	actuator
admin.wibuku.app	/actuator/info	404	25	text/plain;	charset=utf-8	actuator
admin.wibuku.app	/actuator/jolokia	404	28	text/plain;	charset=utf-8	actuator
admin.wibuku.app	/actuator/loggers	404	28	text/plain;	charset=utf-8	actuator
admin.wibuku.app	/actuator/mappings	404	29	text/plain;	charset=utf-8	actuator
admin.wibuku.app	/actuator/metrics	404	28	text/plain;	charset=utf-8	actuator
admin.wibuku.app	/actuator/prometheus	404	31	text/plain;	charset=utf-8	actuator
admin.wibuku.app	/actuator/scheduledtasks	404	35	text/plain;	charset=utf-8	actuator
admin.wibuku.app	/actuator/sessions	404	29	text/plain;	charset=utf-8	actuator
admin.wibuku.app	/actuator/shutdown	404	29	text/plain;	charset=utf-8	actuator
admin.wibuku.app	/actuator/threaddump	404	31	text/plain;	charset=utf-8	actuator
admin.wibuku.app	/actuator/trace	404	26	text/plain;	charset=utf-8	actuator
admin.wibuku.app	/admin	404	17	text/plain;	charset=utf-8	admin
admin.wibuku.app	/admin.php	404	21	text/plain;	charset=utf-8	admin
admin.wibuku.app	/admin/	404	18	text/plain;	charset=utf-8	admin
admin.wibuku.app	/admin/config	404	24	text/plain;	charset=utf-8	admin
admin.wibuku.app	/admin/config.json	404	29	text/plain;	charset=utf-8	admin
admin.wibuku.app	/admin/config.php	404	28	text/plain;	charset=utf-8	admin
admin.wibuku.app	/admin/console	404	25	text/plain;	charset=utf-8	admin
admin.wibuku.app	/admin/cp	404	20	text/plain;	charset=utf-8	admin
admin.wibuku.app	/admin/dashboard	404	27	text/plain;	charset=utf-8	admin
admin.wibuku.app	/admin/debug	404	23	text/plain;	charset=utf-8	actuator
admin.wibuku.app	/admin/health	404	24	text/plain;	charset=utf-8	actuator
admin.wibuku.app	/admin/home	404	22	text/plain;	charset=utf-8	admin
admin.wibuku.app	/admin/index	404	23	text/plain;	charset=utf-8	admin
admin.wibuku.app	/admin/index.html	404	28	text/plain;	charset=utf-8	admin
admin.wibuku.app	/admin/index.php	404	27	text/plain;	charset=utf-8	admin
admin.wibuku.app	/admin/info	404	22	text/plain;	charset=utf-8	actuator
admin.wibuku.app	/admin/login	404	23	text/plain;	charset=utf-8	admin
admin.wibuku.app	/admin/manage	404	24	text/plain;	charset=utf-8	admin
admin.wibuku.app	/admin/management	404	28	text/plain;	charset=utf-8	admin
admin.wibuku.app	/admin/panel	404	23	text/plain;	charset=utf-8	admin
admin.wibuku.app	/admin/setting	404	25	text/plain;	charset=utf-8	admin
admin.wibuku.app	/administrator	404	25	text/plain;	charset=utf-8	admin
admin.wibuku.app	/administrator/	404	26	text/plain;	charset=utf-8	admin
admin.wibuku.app	/api	404	15	text/plain;	charset=utf-8	api
admin.wibuku.app	/api-docs	404	20	text/plain;	charset=utf-8	actuator
admin.wibuku.app	/api-docs/swagger.json	404	33	text/plain;	charset=utf-8	actuator
admin.wibuku.app	/api/	404	16	text/plain;	charset=utf-8	api
admin.wibuku.app	/api/account	404	23	text/plain;	charset=utf-8	admin
admin.wibuku.app	/api/admin	404	21	text/plain;	charset=utf-8	admin
admin.wibuku.app	/api/auth	404	20	text/plain;	charset=utf-8	api
admin.wibuku.app	/api/auth/login	404	26	text/plain;	charset=utf-8	api
admin.wibuku.app	/api/auth/me	404	23	text/plain;	charset=utf-8	api
admin.wibuku.app	/api/auth/register	404	29	text/plain;	charset=utf-8	api
admin.wibuku.app	/api/comments	404	24	text/plain;	charset=utf-8	api
admin.wibuku.app	/api/explorer	404	24	text/plain;	charset=utf-8	graphql
admin.wibuku.app	/api/gql	404	19	text/plain;	charset=utf-8	graphql
admin.wibuku.app	/api/gql/v1	404	22	text/plain;	charset=utf-8	graphql
admin.wibuku.app	/api/graphql	404	23	text/plain;	charset=utf-8	graphql
admin.wibuku.app	/api/graphql/v1	404	26	text/plain;	charset=utf-8	graphql
admin.wibuku.app	/api/health	404	22	text/plain;	charset=utf-8	api
admin.wibuku.app	/api/info	404	20	text/plain;	charset=utf-8	api
admin.wibuku.app	/api/json	404	20	text/plain;	charset=utf-8	api
admin.wibuku.app	/api/login	404	21	text/plain;	charset=utf-8	api
admin.wibuku.app	/api/me	404	18	text/plain;	charset=utf-8	admin
admin.wibuku.app	/api/me	404	18	text/plain;	charset=utf-8	api
admin.wibuku.app	/api/openapi.json	404	28	text/plain;	charset=utf-8	actuator
admin.wibuku.app	/api/ping	404	20	text/plain;	charset=utf-8	api
admin.wibuku.app	/api/posts	404	21	text/plain;	charset=utf-8	api
admin.wibuku.app	/api/query	404	21	text/plain;	charset=utf-8	graphql
admin.wibuku.app	/api/rest	404	20	text/plain;	charset=utf-8	api
admin.wibuku.app	/api/schema	404	22	text/plain;	charset=utf-8	graphql
admin.wibuku.app	/api/search	404	22	text/plain;	charset=utf-8	api
admin.wibuku.app	/api/session	404	23	text/plain;	charset=utf-8	api
admin.wibuku.app	/api/status	404	22	text/plain;	charset=utf-8	api
admin.wibuku.app	/api/swagger	404	23	text/plain;	charset=utf-8	actuator
admin.wibuku.app	/api/swagger-ui	404	26	text/plain;	charset=utf-8	actuator
admin.wibuku.app	/api/token	404	21	text/plain;	charset=utf-8	api
admin.wibuku.app	/api/user	404	20	text/plain;	charset=utf-8	admin
admin.wibuku.app	/api/user	404	20	text/plain;	charset=utf-8	api
admin.wibuku.app	/api/users	404	21	text/plain;	charset=utf-8	admin
admin.wibuku.app	/api/users	404	21	text/plain;	charset=utf-8	api
admin.wibuku.app	/api/v1	404	18	text/plain;	charset=utf-8	api
admin.wibuku.app	/api/v1/graphql	404	26	text/plain;	charset=utf-8	graphql
admin.wibuku.app	/api/v1/graphql/	404	27	text/plain;	charset=utf-8	graphql
admin.wibuku.app	/api/v1/openapi.json	404	31	text/plain;	charset=utf-8	actuator
admin.wibuku.app	/api/v1/swagger.json	404	31	text/plain;	charset=utf-8	actuator
admin.wibuku.app	/api/v2	404	18	text/plain;	charset=utf-8	api
admin.wibuku.app	/api/v2/openapi.json	404	31	text/plain;	charset=utf-8	actuator
admin.wibuku.app	/api/v2/swagger.json	404	31	text/plain;	charset=utf-8	actuator
admin.wibuku.app	/api/v3	404	18	text/plain;	charset=utf-8	api
admin.wibuku.app	/api/version	404	23	text/plain;	charset=utf-8	api
admin.wibuku.app	/auth	404	16	text/plain;	charset=utf-8	api
admin.wibuku.app	/auth/	404	17	text/plain;	charset=utf-8	api
admin.wibuku.app	/auth/login	404	22	text/plain;	charset=utf-8	api
admin.wibuku.app	/auth/register	404	25	text/plain;	charset=utf-8	api
admin.wibuku.app	/auth/v1	404	19	text/plain;	charset=utf-8	api
admin.wibuku.app	/auth/v1/authorize	404	29	text/plain;	charset=utf-8	api
admin.wibuku.app	/auth/v1/token	404	25	text/plain;	charset=utf-8	api
admin.wibuku.app	/backoffice	404	22	text/plain;	charset=utf-8	admin
admin.wibuku.app	/backoffice/	404	23	text/plain;	charset=utf-8	admin
admin.wibuku.app	/console	404	19	text/plain;	charset=utf-8	admin
admin.wibuku.app	/controlpanel	404	24	text/plain;	charset=utf-8	admin
admin.wibuku.app	/cp	404	14	text/plain;	charset=utf-8	admin
admin.wibuku.app	/cpanel	404	18	text/plain;	charset=utf-8	admin
admin.wibuku.app	/cpanel/	404	19	text/plain;	charset=utf-8	admin
admin.wibuku.app	/dashboard	404	21	text/plain;	charset=utf-8	admin
admin.wibuku.app	/debug	404	17	text/plain;	charset=utf-8	actuator
admin.wibuku.app	/debug/pprof	404	23	text/plain;	charset=utf-8	actuator
admin.wibuku.app	/debug/vars	404	22	text/plain;	charset=utf-8	actuator
admin.wibuku.app	/explorer	404	20	text/plain;	charset=utf-8	graphql
admin.wibuku.app	/gql	404	15	text/plain;	charset=utf-8	graphql
admin.wibuku.app	/gql/v1	404	18	text/plain;	charset=utf-8	graphql
admin.wibuku.app	/graphiql	404	20	text/plain;	charset=utf-8	graphql
admin.wibuku.app	/graphql	404	19	text/plain;	charset=utf-8	graphql
admin.wibuku.app	/graphql/playground	404	30	text/plain;	charset=utf-8	graphql
admin.wibuku.app	/graphql/schema	404	26	text/plain;	charset=utf-8	graphql
admin.wibuku.app	/graphql/v1	404	22	text/plain;	charset=utf-8	graphql
admin.wibuku.app	/health	404	18	text/plain;	charset=utf-8	actuator
admin.wibuku.app	/humans.txt	404	22	text/plain;	charset=utf-8	actuator
admin.wibuku.app	/info	404	16	text/plain;	charset=utf-8	actuator
admin.wibuku.app	/json	404	16	text/plain;	charset=utf-8	api
admin.wibuku.app	/live	404	16	text/plain;	charset=utf-8	actuator
admin.wibuku.app	/liveness	404	20	text/plain;	charset=utf-8	actuator
admin.wibuku.app	/login	404	17	text/plain;	charset=utf-8	admin
admin.wibuku.app	/login.php	404	21	text/plain;	charset=utf-8	admin
admin.wibuku.app	/login/	404	18	text/plain;	charset=utf-8	admin
admin.wibuku.app	/management	404	22	text/plain;	charset=utf-8	admin
admin.wibuku.app	/management/	404	23	text/plain;	charset=utf-8	admin
admin.wibuku.app	/manager	404	19	text/plain;	charset=utf-8	admin
admin.wibuku.app	/manager/	404	20	text/plain;	charset=utf-8	admin
admin.wibuku.app	/moderator	404	21	text/plain;	charset=utf-8	admin
admin.wibuku.app	/oauth/authorize	404	27	text/plain;	charset=utf-8	api
admin.wibuku.app	/oauth/token	404	23	text/plain;	charset=utf-8	api
admin.wibuku.app	/openapi.json	404	24	text/plain;	charset=utf-8	actuator
admin.wibuku.app	/openapi.yaml	404	24	text/plain;	charset=utf-8	actuator
admin.wibuku.app	/panel	404	17	text/plain;	charset=utf-8	admin
admin.wibuku.app	/panel/	404	18	text/plain;	charset=utf-8	admin
admin.wibuku.app	/query	404	17	text/plain;	charset=utf-8	graphql
admin.wibuku.app	/readiness	404	21	text/plain;	charset=utf-8	actuator
admin.wibuku.app	/ready	404	17	text/plain;	charset=utf-8	actuator
admin.wibuku.app	/rest	404	16	text/plain;	charset=utf-8	api
admin.wibuku.app	/rest/api	404	20	text/plain;	charset=utf-8	api
admin.wibuku.app	/rest/v1	404	19	text/plain;	charset=utf-8	api
admin.wibuku.app	/rest/v2	404	19	text/plain;	charset=utf-8	api
admin.wibuku.app	/robots.txt	404	22	text/plain;	charset=utf-8	actuator
admin.wibuku.app	/schema	404	18	text/plain;	charset=utf-8	graphql
admin.wibuku.app	/security.txt	404	24	text/plain;	charset=utf-8	actuator
admin.wibuku.app	/server-info	404	23	text/plain;	charset=utf-8	actuator
admin.wibuku.app	/server-status	404	25	text/plain;	charset=utf-8	actuator
admin.wibuku.app	/siteadmin	404	21	text/plain;	charset=utf-8	admin
admin.wibuku.app	/sitemap.xml	404	23	text/plain;	charset=utf-8	actuator
admin.wibuku.app	/startup	404	19	text/plain;	charset=utf-8	actuator
admin.wibuku.app	/status	404	18	text/plain;	charset=utf-8	actuator
admin.wibuku.app	/superadmin	404	22	text/plain;	charset=utf-8	admin
admin.wibuku.app	/swagger	404	19	text/plain;	charset=utf-8	actuator
admin.wibuku.app	/swagger-ui.html	404	27	text/plain;	charset=utf-8	actuator
admin.wibuku.app	/swagger-ui/swagger-ui.html	404	38	text/plain;	charset=utf-8	actuator
admin.wibuku.app	/swagger.json	404	24	text/plain;	charset=utf-8	actuator
admin.wibuku.app	/swagger.yaml	404	24	text/plain;	charset=utf-8	actuator
admin.wibuku.app	/swagger/v1/swagger.json	404	35	text/plain;	charset=utf-8	actuator
admin.wibuku.app	/swagger/v2/swagger.json	404	35	text/plain;	charset=utf-8	actuator
admin.wibuku.app	/trace	404	17	text/plain;	charset=utf-8	actuator
admin.wibuku.app	/trace.axd	404	21	text/plain;	charset=utf-8	actuator
admin.wibuku.app	/user/login	404	22	text/plain;	charset=utf-8	admin
admin.wibuku.app	/v1	404	14	text/plain;	charset=utf-8	api
admin.wibuku.app	/v1/graphql	404	22	text/plain;	charset=utf-8	graphql
admin.wibuku.app	/v2	404	14	text/plain;	charset=utf-8	api
admin.wibuku.app	/v2/api-docs	404	23	text/plain;	charset=utf-8	actuator
admin.wibuku.app	/v3	404	14	text/plain;	charset=utf-8	api
admin.wibuku.app	/v3/api-docs	404	23	text/plain;	charset=utf-8	actuator
admin.wibuku.app	/v3/api-docs/swagger-ui	404	34	text/plain;	charset=utf-8	actuator
admin.wibuku.app	/wp-admin	404	20	text/plain;	charset=utf-8	admin
admin.wibuku.app	/wp-admin/	404	21	text/plain;	charset=utf-8	admin
admin.wibuku.app	/wp-login.php	404	24	text/plain;	charset=utf-8	admin
