dbman.wibuku.app	/.well-known/jwks.json	404	0			api
dbman.wibuku.app	/.well-known/oauth-authorization-server	404	0			api
dbman.wibuku.app	/.well-known/openapi	404	0			actuator
dbman.wibuku.app	/.well-known/openid-configuration	404	0			actuator
dbman.wibuku.app	/.well-known/openid-configuration	404	0			api
dbman.wibuku.app	/_debug	404	0			actuator
dbman.wibuku.app	/_debugbar	404	0			actuator
dbman.wibuku.app	/actuator	404	0			actuator
dbman.wibuku.app	/actuator/	404	0			actuator
dbman.wibuku.app	/actuator/auditevents	404	0			actuator
dbman.wibuku.app	/actuator/beans	404	0			actuator
dbman.wibuku.app	/actuator/caches	404	0			actuator
dbman.wibuku.app	/actuator/conditions	404	0			actuator
dbman.wibuku.app	/actuator/configprops	404	0			actuator
dbman.wibuku.app	/actuator/env	404	0			actuator
dbman.wibuku.app	/actuator/health	404	0			actuator
dbman.wibuku.app	/actuator/heapdump	404	0			actuator
dbman.wibuku.app	/actuator/httptrace	404	0			actuator
dbman.wibuku.app	/actuator/info	404	0			actuator
dbman.wibuku.app	/actuator/jolokia	404	0			actuator
dbman.wibuku.app	/actuator/loggers	404	0			actuator
dbman.wibuku.app	/actuator/mappings	404	0			actuator
dbman.wibuku.app	/actuator/metrics	404	0			actuator
dbman.wibuku.app	/actuator/prometheus	404	0			actuator
dbman.wibuku.app	/actuator/scheduledtasks	404	0			actuator
dbman.wibuku.app	/actuator/sessions	404	0			actuator
dbman.wibuku.app	/actuator/shutdown	404	0			actuator
dbman.wibuku.app	/actuator/threaddump	404	0			actuator
dbman.wibuku.app	/actuator/trace	404	0			actuator
dbman.wibuku.app	/admin	404	0			admin
dbman.wibuku.app	/admin.php	404	0			admin
dbman.wibuku.app	/admin/	404	0			admin
dbman.wibuku.app	/admin/config	404	0			admin
dbman.wibuku.app	/admin/config.json	404	0			admin
dbman.wibuku.app	/admin/config.php	404	0			admin
dbman.wibuku.app	/admin/console	404	0			admin
dbman.wibuku.app	/admin/cp	404	0			admin
dbman.wibuku.app	/admin/dashboard	404	0			admin
dbman.wibuku.app	/admin/debug	404	0			actuator
dbman.wibuku.app	/admin/health	404	0			actuator
dbman.wibuku.app	/admin/home	404	0			admin
dbman.wibuku.app	/admin/index	404	0			admin
dbman.wibuku.app	/admin/index.html	404	0			admin
dbman.wibuku.app	/admin/index.php	404	0			admin
dbman.wibuku.app	/admin/info	404	0			actuator
dbman.wibuku.app	/admin/login	404	0			admin
dbman.wibuku.app	/admin/manage	404	0			admin
dbman.wibuku.app	/admin/management	404	0			admin
dbman.wibuku.app	/admin/panel	404	0			admin
dbman.wibuku.app	/admin/setting	404	0			admin
dbman.wibuku.app	/administrator	404	0			admin
dbman.wibuku.app	/administrator/	404	0			admin
dbman.wibuku.app	/api	404	0			api
dbman.wibuku.app	/api-docs	404	0			actuator
dbman.wibuku.app	/api-docs/swagger.json	404	0			actuator
dbman.wibuku.app	/api/	404	0			api
dbman.wibuku.app	/api/account	404	0			admin
dbman.wibuku.app	/api/admin	404	0			admin
dbman.wibuku.app	/api/auth	404	0			api
dbman.wibuku.app	/api/auth/login	404	0			api
dbman.wibuku.app	/api/auth/me	404	0			api
dbman.wibuku.app	/api/auth/register	404	0			api
dbman.wibuku.app	/api/comments	404	0			api
dbman.wibuku.app	/api/explorer	404	0			graphql
dbman.wibuku.app	/api/gql	404	0			graphql
dbman.wibuku.app	/api/gql/v1	404	0			graphql
dbman.wibuku.app	/api/graphql	404	0			graphql
dbman.wibuku.app	/api/graphql/v1	404	0			graphql
dbman.wibuku.app	/api/health	404	0			api
dbman.wibuku.app	/api/info	404	0			api
dbman.wibuku.app	/api/json	404	0			api
dbman.wibuku.app	/api/login	404	0			api
dbman.wibuku.app	/api/me	404	0			admin
dbman.wibuku.app	/api/me	404	0			api
dbman.wibuku.app	/api/openapi.json	404	0			actuator
dbman.wibuku.app	/api/ping	404	0			api
dbman.wibuku.app	/api/posts	404	0			api
dbman.wibuku.app	/api/query	404	0			graphql
dbman.wibuku.app	/api/rest	404	0			api
dbman.wibuku.app	/api/schema	404	0			graphql
dbman.wibuku.app	/api/search	404	0			api
dbman.wibuku.app	/api/session	404	0			api
dbman.wibuku.app	/api/status	404	0			api
dbman.wibuku.app	/api/swagger	404	0			actuator
dbman.wibuku.app	/api/swagger-ui	404	0			actuator
dbman.wibuku.app	/api/token	404	0			api
dbman.wibuku.app	/api/user	404	0			admin
dbman.wibuku.app	/api/user	404	0			api
dbman.wibuku.app	/api/users	404	0			admin
dbman.wibuku.app	/api/users	404	0			api
dbman.wibuku.app	/api/v1	404	0			api
dbman.wibuku.app	/api/v1/graphql	404	0			graphql
dbman.wibuku.app	/api/v1/graphql/	404	0			graphql
dbman.wibuku.app	/api/v1/openapi.json	404	0			actuator
dbman.wibuku.app	/api/v1/swagger.json	404	0			actuator
dbman.wibuku.app	/api/v2	404	0			api
dbman.wibuku.app	/api/v2/openapi.json	404	0			actuator
dbman.wibuku.app	/api/v2/swagger.json	404	0			actuator
dbman.wibuku.app	/api/v3	404	0			api
dbman.wibuku.app	/api/version	404	0			api
dbman.wibuku.app	/auth	404	0			api
dbman.wibuku.app	/auth/	404	0			api
dbman.wibuku.app	/auth/login	404	0			api
dbman.wibuku.app	/auth/register	404	0			api
dbman.wibuku.app	/auth/v1	404	0			api
dbman.wibuku.app	/auth/v1/authorize	404	0			api
dbman.wibuku.app	/auth/v1/token	404	0			api
dbman.wibuku.app	/backoffice	404	0			admin
dbman.wibuku.app	/backoffice/	404	0			admin
dbman.wibuku.app	/console	404	0			admin
dbman.wibuku.app	/controlpanel	404	0			admin
dbman.wibuku.app	/cp	404	0			admin
dbman.wibuku.app	/cpanel	404	0			admin
dbman.wibuku.app	/cpanel/	404	0			admin
dbman.wibuku.app	/dashboard	404	0			admin
dbman.wibuku.app	/debug	404	0			actuator
dbman.wibuku.app	/debug/pprof	404	0			actuator
dbman.wibuku.app	/debug/vars	404	0			actuator
dbman.wibuku.app	/explorer	404	0			graphql
dbman.wibuku.app	/gql	404	0			graphql
dbman.wibuku.app	/gql/v1	404	0			graphql
dbman.wibuku.app	/graphiql	404	0			graphql
dbman.wibuku.app	/graphql	404	0			graphql
dbman.wibuku.app	/graphql/playground	404	0			graphql
dbman.wibuku.app	/graphql/schema	404	0			graphql
dbman.wibuku.app	/graphql/v1	404	0			graphql
dbman.wibuku.app	/health	404	0			actuator
dbman.wibuku.app	/humans.txt	404	0			actuator
dbman.wibuku.app	/info	404	0			actuator
dbman.wibuku.app	/json	404	0			api
dbman.wibuku.app	/live	404	0			actuator
dbman.wibuku.app	/liveness	404	0			actuator
dbman.wibuku.app	/login	404	0			admin
dbman.wibuku.app	/login.php	404	0			admin
dbman.wibuku.app	/login/	404	0			admin
dbman.wibuku.app	/management	404	0			admin
dbman.wibuku.app	/management/	404	0			admin
dbman.wibuku.app	/manager	404	0			admin
dbman.wibuku.app	/manager/	404	0			admin
dbman.wibuku.app	/moderator	404	0			admin
dbman.wibuku.app	/oauth/authorize	404	0			api
dbman.wibuku.app	/oauth/token	404	0			api
dbman.wibuku.app	/openapi.json	404	0			actuator
dbman.wibuku.app	/openapi.yaml	404	0			actuator
dbman.wibuku.app	/panel	404	0			admin
dbman.wibuku.app	/panel/	404	0			admin
dbman.wibuku.app	/query	404	0			graphql
dbman.wibuku.app	/readiness	404	0			actuator
dbman.wibuku.app	/ready	404	0			actuator
dbman.wibuku.app	/rest	404	0			api
dbman.wibuku.app	/rest/api	404	0			api
dbman.wibuku.app	/rest/v1	404	0			api
dbman.wibuku.app	/rest/v2	404	0			api
dbman.wibuku.app	/robots.txt	404	0			actuator
dbman.wibuku.app	/schema	404	0			graphql
dbman.wibuku.app	/security.txt	404	0			actuator
dbman.wibuku.app	/server-info	404	0			actuator
dbman.wibuku.app	/server-status	404	0			actuator
dbman.wibuku.app	/siteadmin	404	0			admin
dbman.wibuku.app	/sitemap.xml	404	0			actuator
dbman.wibuku.app	/startup	404	0			actuator
dbman.wibuku.app	/status	404	0			actuator
dbman.wibuku.app	/superadmin	404	0			admin
dbman.wibuku.app	/swagger	404	0			actuator
dbman.wibuku.app	/swagger-ui.html	404	0			actuator
dbman.wibuku.app	/swagger-ui/swagger-ui.html	404	0			actuator
dbman.wibuku.app	/swagger.json	404	0			actuator
dbman.wibuku.app	/swagger.yaml	404	0			actuator
dbman.wibuku.app	/swagger/v1/swagger.json	404	0			actuator
dbman.wibuku.app	/swagger/v2/swagger.json	404	0			actuator
dbman.wibuku.app	/trace	404	0			actuator
dbman.wibuku.app	/trace.axd	404	0			actuator
dbman.wibuku.app	/user/login	404	0			admin
dbman.wibuku.app	/v1	404	0			api
dbman.wibuku.app	/v1/graphql	404	0			graphql
dbman.wibuku.app	/v2	404	0			api
dbman.wibuku.app	/v2/api-docs	404	0			actuator
dbman.wibuku.app	/v3	404	0			api
dbman.wibuku.app	/v3/api-docs	404	0			actuator
dbman.wibuku.app	/v3/api-docs/swagger-ui	404	0			actuator
dbman.wibuku.app	/wp-admin	404	0			admin
dbman.wibuku.app	/wp-admin/	404	0			admin
dbman.wibuku.app	/wp-login.php	404	0			admin
