wibuku.app	/.well-known/jwks.json	404	1251	text/html		api
wibuku.app	/.well-known/oauth-authorization-server	404	1251	text/html		api
wibuku.app	/.well-known/openapi	404	1251	text/html		actuator
wibuku.app	/.well-known/openid-configuration	404	1251	text/html		actuator
wibuku.app	/.well-known/openid-configuration	404	1251	text/html		api
wibuku.app	/_debug	404	1251	text/html		actuator
wibuku.app	/_debugbar	404	1251	text/html		actuator
wibuku.app	/actuator	404	1251	text/html		actuator
wibuku.app	/actuator/	404	1251	text/html		actuator
wibuku.app	/actuator/auditevents	404	1251	text/html		actuator
wibuku.app	/actuator/beans	404	1251	text/html		actuator
wibuku.app	/actuator/caches	404	1251	text/html		actuator
wibuku.app	/actuator/conditions	404	1251	text/html		actuator
wibuku.app	/actuator/configprops	404	1251	text/html		actuator
wibuku.app	/actuator/env	404	1251	text/html		actuator
wibuku.app	/actuator/health	404	1251	text/html		actuator
wibuku.app	/actuator/heapdump	404	1251	text/html		actuator
wibuku.app	/actuator/httptrace	404	1251	text/html		actuator
wibuku.app	/actuator/info	404	1251	text/html		actuator
wibuku.app	/actuator/jolokia	404	1251	text/html		actuator
wibuku.app	/actuator/loggers	404	1251	text/html		actuator
wibuku.app	/actuator/mappings	404	1251	text/html		actuator
wibuku.app	/actuator/metrics	404	1251	text/html		actuator
wibuku.app	/actuator/prometheus	404	1251	text/html		actuator
wibuku.app	/actuator/scheduledtasks	404	1251	text/html		actuator
wibuku.app	/actuator/sessions	404	1251	text/html		actuator
wibuku.app	/actuator/shutdown	404	1251	text/html		actuator
wibuku.app	/actuator/threaddump	404	1251	text/html		actuator
wibuku.app	/actuator/trace	404	1251	text/html		actuator
wibuku.app	/admin	404	1251	text/html		admin
wibuku.app	/admin.php	404	1251	text/html		admin
wibuku.app	/admin/	404	1251	text/html		admin
wibuku.app	/admin/config	404	1251	text/html		admin
wibuku.app	/admin/config.json	404	1251	text/html		admin
wibuku.app	/admin/config.php	404	1251	text/html		admin
wibuku.app	/admin/console	404	1251	text/html		admin
wibuku.app	/admin/cp	404	1251	text/html		admin
wibuku.app	/admin/dashboard	404	1251	text/html		admin
wibuku.app	/admin/debug	404	1251	text/html		actuator
wibuku.app	/admin/health	404	1251	text/html		actuator
wibuku.app	/admin/home	404	1251	text/html		admin
wibuku.app	/admin/index	404	1251	text/html		admin
wibuku.app	/admin/index.html	404	1251	text/html		admin
wibuku.app	/admin/index.php	404	1251	text/html		admin
wibuku.app	/admin/info	404	1251	text/html		actuator
wibuku.app	/admin/login	404	1251	text/html		admin
wibuku.app	/admin/manage	404	1251	text/html		admin
wibuku.app	/admin/management	404	1251	text/html		admin
wibuku.app	/admin/panel	404	1251	text/html		admin
wibuku.app	/admin/setting	404	1251	text/html		admin
wibuku.app	/administrator	404	1251	text/html		admin
wibuku.app	/administrator/	404	1251	text/html		admin
wibuku.app	/api	404	1251	text/html		api
wibuku.app	/api-docs	404	1251	text/html		actuator
wibuku.app	/api-docs/swagger.json	404	1251	text/html		actuator
wibuku.app	/api/	404	1251	text/html		api
wibuku.app	/api/account	404	1251	text/html		admin
wibuku.app	/api/admin	404	1251	text/html		admin
wibuku.app	/api/auth	404	1251	text/html		api
wibuku.app	/api/auth/login	404	1251	text/html		api
wibuku.app	/api/auth/me	404	1251	text/html		api
wibuku.app	/api/auth/register	404	1251	text/html		api
wibuku.app	/api/comments	404	1251	text/html		api
wibuku.app	/api/explorer	404	1251	text/html		graphql
wibuku.app	/api/gql	404	1251	text/html		graphql
wibuku.app	/api/gql/v1	404	1251	text/html		graphql
wibuku.app	/api/graphql	404	1251	text/html		graphql
wibuku.app	/api/graphql/v1	404	1251	text/html		graphql
wibuku.app	/api/health	404	1251	text/html		api
wibuku.app	/api/info	404	1251	text/html		api
wibuku.app	/api/json	404	1251	text/html		api
wibuku.app	/api/login	404	1251	text/html		api
wibuku.app	/api/me	404	1251	text/html		admin
wibuku.app	/api/me	404	1251	text/html		api
wibuku.app	/api/openapi.json	404	1251	text/html		actuator
wibuku.app	/api/ping	404	1251	text/html		api
wibuku.app	/api/posts	404	1251	text/html		api
wibuku.app	/api/query	404	1251	text/html		graphql
wibuku.app	/api/rest	404	1251	text/html		api
wibuku.app	/api/schema	404	1251	text/html		graphql
wibuku.app	/api/search	404	1251	text/html		api
wibuku.app	/api/session	404	1251	text/html		api
wibuku.app	/api/status	404	1251	text/html		api
wibuku.app	/api/swagger	404	1251	text/html		actuator
wibuku.app	/api/swagger-ui	404	1251	text/html		actuator
wibuku.app	/api/token	404	1251	text/html		api
wibuku.app	/api/user	404	1251	text/html		admin
wibuku.app	/api/user	404	1251	text/html		api
wibuku.app	/api/users	404	1251	text/html		admin
wibuku.app	/api/users	404	1251	text/html		api
wibuku.app	/api/v1	404	1251	text/html		api
wibuku.app	/api/v1/graphql	404	1251	text/html		graphql
wibuku.app	/api/v1/graphql/	404	1251	text/html		graphql
wibuku.app	/api/v1/openapi.json	404	1251	text/html		actuator
wibuku.app	/api/v1/swagger.json	404	1251	text/html		actuator
wibuku.app	/api/v2	404	1251	text/html		api
wibuku.app	/api/v2/openapi.json	404	1251	text/html		actuator
wibuku.app	/api/v2/swagger.json	404	1251	text/html		actuator
wibuku.app	/api/v3	404	1251	text/html		api
wibuku.app	/api/version	404	1251	text/html		api
wibuku.app	/auth	404	1251	text/html		api
wibuku.app	/auth/	404	1251	text/html		api
wibuku.app	/auth/login	404	1251	text/html		api
wibuku.app	/auth/register	404	1251	text/html		api
wibuku.app	/auth/v1	404	1251	text/html		api
wibuku.app	/auth/v1/authorize	404	1251	text/html		api
wibuku.app	/auth/v1/token	404	1251	text/html		api
wibuku.app	/backoffice	404	1251	text/html		admin
wibuku.app	/backoffice/	404	1251	text/html		admin
wibuku.app	/console	404	1251	text/html		admin
wibuku.app	/controlpanel	404	1251	text/html		admin
wibuku.app	/cp	404	1251	text/html		admin
wibuku.app	/cpanel	404	1251	text/html		admin
wibuku.app	/cpanel/	404	1251	text/html		admin
wibuku.app	/dashboard	404	1251	text/html		admin
wibuku.app	/debug	404	1251	text/html		actuator
wibuku.app	/debug/pprof	404	1251	text/html		actuator
wibuku.app	/debug/vars	404	1251	text/html		actuator
wibuku.app	/explorer	404	1251	text/html		graphql
wibuku.app	/gql	404	1251	text/html		graphql
wibuku.app	/gql/v1	404	1251	text/html		graphql
wibuku.app	/graphiql	404	1251	text/html		graphql
wibuku.app	/graphql	404	1251	text/html		graphql
wibuku.app	/graphql/playground	404	1251	text/html		graphql
wibuku.app	/graphql/schema	404	1251	text/html		graphql
wibuku.app	/graphql/v1	404	1251	text/html		graphql
wibuku.app	/health	404	1251	text/html		actuator
wibuku.app	/humans.txt	404	1251	text/html		actuator
wibuku.app	/info	301	795	text/html	https://wibuku.app/info/	actuator
wibuku.app	/json	404	1251	text/html		api
wibuku.app	/live	404	1251	text/html		actuator
wibuku.app	/liveness	404	1251	text/html		actuator
wibuku.app	/login	404	1251	text/html		admin
wibuku.app	/login.php	404	1251	text/html		admin
wibuku.app	/login/	404	1251	text/html		admin
wibuku.app	/management	404	1251	text/html		admin
wibuku.app	/management/	404	1251	text/html		admin
wibuku.app	/manager	404	1251	text/html		admin
wibuku.app	/manager/	404	1251	text/html		admin
wibuku.app	/moderator	404	1251	text/html		admin
wibuku.app	/oauth/authorize	404	1251	text/html		api
wibuku.app	/oauth/token	404	1251	text/html		api
wibuku.app	/openapi.json	404	1251	text/html		actuator
wibuku.app	/openapi.yaml	404	1251	text/html		actuator
wibuku.app	/panel	404	1251	text/html		admin
wibuku.app	/panel/	404	1251	text/html		admin
wibuku.app	/query	404	1251	text/html		graphql
wibuku.app	/readiness	404	1251	text/html		actuator
wibuku.app	/ready	404	1251	text/html		actuator
wibuku.app	/rest	404	1251	text/html		api
wibuku.app	/rest/api	404	1251	text/html		api
wibuku.app	/rest/v1	404	1251	text/html		api
wibuku.app	/rest/v2	404	1251	text/html		api
wibuku.app	/robots.txt	404	1251	text/html		actuator
wibuku.app	/schema	404	1251	text/html		graphql
wibuku.app	/security.txt	404	1251	text/html		actuator
wibuku.app	/server-info	404	1251	text/html		actuator
wibuku.app	/server-status	404	1251	text/html		actuator
wibuku.app	/siteadmin	404	1251	text/html		admin
wibuku.app	/sitemap.xml	404	1251	text/html		actuator
wibuku.app	/startup	404	1251	text/html		actuator
wibuku.app	/status	404	1251	text/html		actuator
wibuku.app	/superadmin	404	1251	text/html		admin
wibuku.app	/swagger	404	1251	text/html		actuator
wibuku.app	/swagger-ui.html	404	1251	text/html		actuator
wibuku.app	/swagger-ui/swagger-ui.html	404	1251	text/html		actuator
wibuku.app	/swagger.json	404	1251	text/html		actuator
wibuku.app	/swagger.yaml	404	1251	text/html		actuator
wibuku.app	/swagger/v1/swagger.json	404	1251	text/html		actuator
wibuku.app	/swagger/v2/swagger.json	404	1251	text/html		actuator
wibuku.app	/trace	404	1251	text/html		actuator
wibuku.app	/trace.axd	404	1251	text/html		actuator
wibuku.app	/user/login	404	1251	text/html		admin
wibuku.app	/v1	404	1251	text/html		api
wibuku.app	/v1/graphql	404	1251	text/html		graphql
wibuku.app	/v2	404	1251	text/html		api
wibuku.app	/v2/api-docs	404	1251	text/html		actuator
wibuku.app	/v3	404	1251	text/html		api
wibuku.app	/v3/api-docs	404	1251	text/html		actuator
wibuku.app	/v3/api-docs/swagger-ui	404	1251	text/html		actuator
wibuku.app	/wp-admin	404	1251	text/html		admin
wibuku.app	/wp-admin/	404	1251	text/html		admin
wibuku.app	/wp-login.php	404	1251	text/html		admin
