front.wibuku.app	/.well-known/jwks.json	404	63	application/json		api
front.wibuku.app	/.well-known/oauth-authorization-server	404	80	application/json		api
front.wibuku.app	/.well-known/openapi	404	61	application/json		actuator
front.wibuku.app	/.well-known/openid-configuration	404	74	application/json		actuator
front.wibuku.app	/.well-known/openid-configuration	404	74	application/json		api
front.wibuku.app	/_debug	404	48	application/json		actuator
front.wibuku.app	/_debugbar	404	51	application/json		actuator
front.wibuku.app	/actuator	404	50	application/json		actuator
front.wibuku.app	/actuator/	404	51	application/json		actuator
front.wibuku.app	/actuator/auditevents	404	62	application/json		actuator
front.wibuku.app	/actuator/beans	404	56	application/json		actuator
front.wibuku.app	/actuator/caches	404	57	application/json		actuator
front.wibuku.app	/actuator/conditions	404	61	application/json		actuator
front.wibuku.app	/actuator/configprops	404	62	application/json		actuator
front.wibuku.app	/actuator/env	404	54	application/json		actuator
front.wibuku.app	/actuator/health	404	57	application/json		actuator
front.wibuku.app	/actuator/heapdump	404	59	application/json		actuator
front.wibuku.app	/actuator/httptrace	404	60	application/json		actuator
front.wibuku.app	/actuator/info	404	55	application/json		actuator
front.wibuku.app	/actuator/jolokia	404	58	application/json		actuator
front.wibuku.app	/actuator/loggers	404	58	application/json		actuator
front.wibuku.app	/actuator/mappings	404	59	application/json		actuator
front.wibuku.app	/actuator/metrics	404	58	application/json		actuator
front.wibuku.app	/actuator/prometheus	404	61	application/json		actuator
front.wibuku.app	/actuator/scheduledtasks	404	65	application/json		actuator
front.wibuku.app	/actuator/sessions	404	59	application/json		actuator
front.wibuku.app	/actuator/shutdown	404	59	application/json		actuator
front.wibuku.app	/actuator/threaddump	404	61	application/json		actuator
front.wibuku.app	/actuator/trace	404	56	application/json		actuator
front.wibuku.app	/admin	404	47	application/json		admin
front.wibuku.app	/admin.php	404	51	application/json		admin
front.wibuku.app	/admin/	404	48	application/json		admin
front.wibuku.app	/admin/config	404	54	application/json		admin
front.wibuku.app	/admin/config.json	404	59	application/json		admin
front.wibuku.app	/admin/config.php	404	58	application/json		admin
front.wibuku.app	/admin/console	404	55	application/json		admin
front.wibuku.app	/admin/cp	404	50	application/json		admin
front.wibuku.app	/admin/dashboard	404	57	application/json		admin
front.wibuku.app	/admin/debug	404	53	application/json		actuator
front.wibuku.app	/admin/health	404	54	application/json		actuator
front.wibuku.app	/admin/home	404	52	application/json		admin
front.wibuku.app	/admin/index	404	53	application/json		admin
front.wibuku.app	/admin/index.html	404	58	application/json		admin
front.wibuku.app	/admin/index.php	404	57	application/json		admin
front.wibuku.app	/admin/info	404	52	application/json		actuator
front.wibuku.app	/admin/login	404	53	application/json		admin
front.wibuku.app	/admin/manage	404	54	application/json		admin
front.wibuku.app	/admin/management	404	58	application/json		admin
front.wibuku.app	/admin/panel	404	53	application/json		admin
front.wibuku.app	/admin/setting	404	55	application/json		admin
front.wibuku.app	/administrator	404	55	application/json		admin
front.wibuku.app	/administrator/	404	56	application/json		admin
front.wibuku.app	/api	404	45	application/json		api
front.wibuku.app	/api-docs	404	50	application/json		actuator
front.wibuku.app	/api-docs/swagger.json	404	63	application/json		actuator
front.wibuku.app	/api/	404	46	application/json		api
front.wibuku.app	/api/account	404	53	application/json		admin
front.wibuku.app	/api/admin	404	51	application/json		admin
front.wibuku.app	/api/auth	404	50	application/json		api
front.wibuku.app	/api/auth/login	404	56	application/json		api
front.wibuku.app	/api/auth/me	404	53	application/json		api
front.wibuku.app	/api/auth/register	404	59	application/json		api
front.wibuku.app	/api/comments	404	54	application/json		api
front.wibuku.app	/api/explorer	404	54	application/json		graphql
front.wibuku.app	/api/gql	404	49	application/json		graphql
front.wibuku.app	/api/gql/v1	404	52	application/json		graphql
front.wibuku.app	/api/graphql	404	53	application/json		graphql
front.wibuku.app	/api/graphql/v1	404	56	application/json		graphql
front.wibuku.app	/api/health	404	52	application/json		api
front.wibuku.app	/api/info	404	50	application/json		api
front.wibuku.app	/api/json	404	50	application/json		api
front.wibuku.app	/api/login	404	51	application/json		api
front.wibuku.app	/api/me	404	48	application/json		admin
front.wibuku.app	/api/me	404	48	application/json		api
front.wibuku.app	/api/openapi.json	404	58	application/json		actuator
front.wibuku.app	/api/ping	404	50	application/json		api
front.wibuku.app	/api/posts	404	51	application/json		api
front.wibuku.app	/api/query	404	51	application/json		graphql
front.wibuku.app	/api/rest	404	50	application/json		api
front.wibuku.app	/api/schema	404	52	application/json		graphql
front.wibuku.app	/api/search	404	52	application/json		api
front.wibuku.app	/api/session	404	53	application/json		api
front.wibuku.app	/api/status	404	52	application/json		api
front.wibuku.app	/api/swagger	404	53	application/json		actuator
front.wibuku.app	/api/swagger-ui	404	56	application/json		actuator
front.wibuku.app	/api/token	404	51	application/json		api
front.wibuku.app	/api/user	404	50	application/json		admin
front.wibuku.app	/api/user	404	50	application/json		api
front.wibuku.app	/api/users	404	51	application/json		admin
front.wibuku.app	/api/users	404	51	application/json		api
front.wibuku.app	/api/v1	404	48	application/json		api
front.wibuku.app	/api/v1/graphql	404	56	application/json		graphql
front.wibuku.app	/api/v1/graphql/	404	57	application/json		graphql
front.wibuku.app	/api/v1/openapi.json	404	61	application/json		actuator
front.wibuku.app	/api/v1/swagger.json	404	61	application/json		actuator
front.wibuku.app	/api/v2	404	48	application/json		api
front.wibuku.app	/api/v2/openapi.json	404	61	application/json		actuator
front.wibuku.app	/api/v2/swagger.json	404	61	application/json		actuator
front.wibuku.app	/api/v3	404	48	application/json		api
front.wibuku.app	/api/version	404	53	application/json		api
front.wibuku.app	/auth	404	46	application/json		api
front.wibuku.app	/auth/	404	47	application/json		api
front.wibuku.app	/auth/login	404	52	application/json		api
front.wibuku.app	/auth/register	404	55	application/json		api
front.wibuku.app	/auth/v1	404	49	application/json		api
front.wibuku.app	/auth/v1/authorize	404	59	application/json		api
front.wibuku.app	/auth/v1/token	404	55	application/json		api
front.wibuku.app	/backoffice	404	52	application/json		admin
front.wibuku.app	/backoffice/	404	53	application/json		admin
front.wibuku.app	/console	404	49	application/json		admin
front.wibuku.app	/controlpanel	404	54	application/json		admin
front.wibuku.app	/cp	404	44	application/json		admin
front.wibuku.app	/cpanel	404	48	application/json		admin
front.wibuku.app	/cpanel/	404	49	application/json		admin
front.wibuku.app	/dashboard	404	51	application/json		admin
front.wibuku.app	/debug	404	47	application/json		actuator
front.wibuku.app	/debug/pprof	404	53	application/json		actuator
front.wibuku.app	/debug/vars	404	52	application/json		actuator
front.wibuku.app	/explorer	404	50	application/json		graphql
front.wibuku.app	/gql	404	45	application/json		graphql
front.wibuku.app	/gql/v1	404	48	application/json		graphql
front.wibuku.app	/graphiql	404	50	application/json		graphql
front.wibuku.app	/graphql	404	49	application/json		graphql
front.wibuku.app	/graphql/playground	404	60	application/json		graphql
front.wibuku.app	/graphql/schema	404	56	application/json		graphql
front.wibuku.app	/graphql/v1	404	52	application/json		graphql
front.wibuku.app	/health	404	48	application/json		actuator
front.wibuku.app	/humans.txt	404	52	application/json		actuator
front.wibuku.app	/info	404	46	application/json		actuator
front.wibuku.app	/json	404	46	application/json		api
front.wibuku.app	/live	404	46	application/json		actuator
front.wibuku.app	/liveness	404	50	application/json		actuator
front.wibuku.app	/login	404	47	application/json		admin
front.wibuku.app	/login.php	404	51	application/json		admin
front.wibuku.app	/login/	404	48	application/json		admin
front.wibuku.app	/management	404	52	application/json		admin
front.wibuku.app	/management/	404	53	application/json		admin
front.wibuku.app	/manager	404	49	application/json		admin
front.wibuku.app	/manager/	404	50	application/json		admin
front.wibuku.app	/moderator	404	51	application/json		admin
front.wibuku.app	/oauth/authorize	404	57	application/json		api
front.wibuku.app	/oauth/token	404	53	application/json		api
front.wibuku.app	/openapi.json	404	54	application/json		actuator
front.wibuku.app	/openapi.yaml	404	54	application/json		actuator
front.wibuku.app	/panel	404	47	application/json		admin
front.wibuku.app	/panel/	404	48	application/json		admin
front.wibuku.app	/query	404	47	application/json		graphql
front.wibuku.app	/readiness	404	51	application/json		actuator
front.wibuku.app	/ready	404	47	application/json		actuator
front.wibuku.app	/rest	404	46	application/json		api
front.wibuku.app	/rest/api	404	50	application/json		api
front.wibuku.app	/rest/v1	404	49	application/json		api
front.wibuku.app	/rest/v2	404	49	application/json		api
front.wibuku.app	/robots.txt	404	52	application/json		actuator
front.wibuku.app	/schema	404	48	application/json		graphql
front.wibuku.app	/security.txt	404	54	application/json		actuator
front.wibuku.app	/server-info	404	53	application/json		actuator
front.wibuku.app	/server-status	404	55	application/json		actuator
front.wibuku.app	/siteadmin	404	51	application/json		admin
front.wibuku.app	/sitemap.xml	404	53	application/json		actuator
front.wibuku.app	/startup	404	49	application/json		actuator
front.wibuku.app	/status	404	48	application/json		actuator
front.wibuku.app	/superadmin	404	52	application/json		admin
front.wibuku.app	/swagger	404	49	application/json		actuator
front.wibuku.app	/swagger-ui.html	404	57	application/json		actuator
front.wibuku.app	/swagger-ui/swagger-ui.html	404	68	application/json		actuator
front.wibuku.app	/swagger.json	404	54	application/json		actuator
front.wibuku.app	/swagger.yaml	404	54	application/json		actuator
front.wibuku.app	/swagger/v1/swagger.json	404	65	application/json		actuator
front.wibuku.app	/swagger/v2/swagger.json	404	65	application/json		actuator
front.wibuku.app	/trace	404	47	application/json		actuator
front.wibuku.app	/trace.axd	404	51	application/json		actuator
front.wibuku.app	/user/login	404	52	application/json		admin
front.wibuku.app	/v1	404	44	application/json		api
front.wibuku.app	/v1/graphql	404	52	application/json		graphql
front.wibuku.app	/v2	404	44	application/json		api
front.wibuku.app	/v2/api-docs	404	53	application/json		actuator
front.wibuku.app	/v3	404	44	application/json		api
front.wibuku.app	/v3/api-docs	404	53	application/json		actuator
front.wibuku.app	/v3/api-docs/swagger-ui	404	64	application/json		actuator
front.wibuku.app	/wp-admin	404	50	application/json		admin
front.wibuku.app	/wp-admin/	404	51	application/json		admin
front.wibuku.app	/wp-login.php	404	54	application/json		admin
